City,Neighborhood
Burnaby,Burnaby Heights
Burnaby,Willingdon Heights
Burnaby,West Central Valley
Burnaby,Dawson-Delta
Burnaby,Brentwood
Burnaby,Capitol Hill
Burnaby,Parkcrest-Aubrey
Burnaby,Ardingley-Sprott
Burnaby,Burnaby Lake
Burnaby,Government Road
Burnaby,Sperling-Broadway
Burnaby,Lochdale
Burnaby,Westridge
Burnaby,Burnaby Mountain
Burnaby,Lake City
Burnaby,Lyndhurst
Burnaby,Cameron
Burnaby,Cariboo-Armstrong
Burnaby,Second Street
Burnaby,Edmonds
Burnaby,Stride Avenue
Burnaby,Stride Hill
Burnaby,Big Bend
Burnaby,Clinton-Glenwood
Burnaby,Sussex-Nelson
Burnaby,Suncrest
Burnaby,Maywood
Burnaby,Garden Village
Burnaby,Cascade-Schou
Burnaby,Douglas-Gilpin
Burnaby,Marlborough
Burnaby,Windsor
Burnaby,Kingsway-Beresford
Burnaby,Richmond Park
Burnaby,Morley-Buckingham
Burnaby,Lakeview-Mayfield
Burnaby,Oakalla
Surrey,Bridgeview
Surrey,Cloverdale
Surrey,Crescent Beach
Surrey,Douglas
Surrey,Fleetwood
Surrey,Fraser Heights
Surrey,Grandview Heights
Surrey,Guildford
Surrey,Newton
Surrey,Ocean Park
Surrey,Port Kells
Surrey,Port Mann
Surrey,South Surrey
Surrey,South Westminster
Surrey,Sunnyside
Surrey,Whalley
West Vancouver,Altamont
West Vancouver,Ambleside
West Vancouver,British Properties
West Vancouver,Cedardale
West Vancouver,Dundarave
West Vancouver,Hollyburn
West Vancouver,Horseshoe Bay
West Vancouver,Sentinel Hill
West Vancouver,West Bay
Coquitlam,NORTH COQUITLAM
Coquitlam,DOWNTOWN
Coquitlam,BURKE MOUNTAIN
Coquitlam,COQUITLAM WEST
Coquitlam,BURQUITLAM
Coquitlam,CANYON SPRINGS
Coquitlam,CENTRAL COQUITLAM
Coquitlam,COQUITLAM EAST
Coquitlam,CHINESIDE
Coquitlam,CAPE HORN
Coquitlam,EAGLE RIDGE
Coquitlam,HARBOUR CHINES
Coquitlam,HARBOUR PLACE
Coquitlam,HOCKADAY
Coquitlam,MAILLARDVILLE
Coquitlam,MEADOWBROOK
Coquitlam,NEW HORIZONS
Coquitlam,PARK RIDGE ESTATES
Coquitlam,RANCH PARK
Coquitlam,RIVER SPRINGS
Coquitlam,SCOTT CREEK
Coquitlam,SUMMIT VIEW
Coquitlam,UPPER EAGLE RIDGE
Coquitlam,WESTWOOD PLATEAU
Coquitlam,WESTWOOD SUMMIT
Richmond,Bridgeport
Richmond,Brighouse
Richmond,Burkeville
Richmond,Finn Slough
Richmond,Golden Village
Richmond,Steveston
North Vancouver,Canyon Heights
North Vancouver,Cove Cliff
North Vancouver,Deep Cove
North Vancouver,Lynnmour North
North Vancouver,Lynnmour South
North Vancouver,Blueridge
North Vancouver,Boundary
North Vancouver,Braemar
North Vancouver,Capilano
North Vancouver,Carisbrooke
North Vancouver,Central Lynn
North Vancouver,Cleveland
North Vancouver,Westview
North Vancouver,Tempe
North Vancouver,Mahon
North Vancouver,Marine-Hamilton
North Vancouver,Lower Lonsdale
North Vancouver,Central Lonsdale
North Vancouver,Grand Boulevard
North Vancouver,Cedar Village
North Vancouver,Moodyville
North Vancouver,Upper Capilano